Name,Industry,Sector,,Name,Industry
CHOTI,AGRO,AGRI,,1DIV,#N/A
EE,AGRO,AGRI,,BMSCG,#N/A
GFPT,AGRO,AGRI,,BMSCITH,#N/A
LEE,AGRO,AGRI,,BSET100,#N/A
NER,AGRO,AGRI,,CHINA,#N/A
PPPM,AGRO,AGRI,,EBANK,#N/A
STA,AGRO,AGRI,,ECOMM,#N/A
TRUBB,AGRO,AGRI,,EICT,#N/A
TWPC,AGRO,AGRI,,ENY,#N/A
UPOIC,AGRO,AGRI,,GLD,#N/A
UVAN,AGRO,AGRI,,TDEX,#N/A
VPO,AGRO,AGRI,,TGOLDETF,#N/A
APURE,AGRO,FOOD,,2S,#N/A
ASIAN,AGRO,FOOD,,7UP,#N/A
BR,AGRO,FOOD,,A,#N/A
BRR,AGRO,FOOD,,AAV,#N/A
CBG,AGRO,FOOD,,ABICO,#N/A
CFRESH,AGRO,FOOD,,ABM,#N/A
CM,AGRO,FOOD,,ABPIF,#N/A
CPF,AGRO,FOOD,,ACAP,#N/A
CPI,AGRO,FOOD,,ACC,#N/A
F&D,AGRO,FOOD,,ADB,#N/A
HTC,AGRO,FOOD,,ADVANC,#N/A
ICHI,AGRO,FOOD,,AEC,#N/A
KBS,AGRO,FOOD,,AEONTS,#N/A
KSL,AGRO,FOOD,,AF,#N/A
KTIS,AGRO,FOOD,,AGE,#N/A
LST,AGRO,FOOD,,AH,#N/A
M,AGRO,FOOD,,AHC,#N/A
MALEE,AGRO,FOOD,,AIMIRT,#N/A
MINT,AGRO,FOOD,,AIRA,#N/A
OISHI,AGRO,FOOD,,AIT,#N/A
OSP,AGRO,FOOD,,AJ,#N/A
PB,AGRO,FOOD,,AJA,#N/A
PM,AGRO,FOOD,,AKP,#N/A
PRG,AGRO,FOOD,,AKR,#N/A
RBF,AGRO,FOOD,,ALLA,#N/A
SAPPE,AGRO,FOOD,,ALT,#N/A
SAUCE,AGRO,FOOD,,ALUCON,#N/A
SFP,AGRO,FOOD,,AMA,#N/A
SNP,AGRO,FOOD,,AMANAH,#N/A
SORKON,AGRO,FOOD,,AMARIN,#N/A
SSC,AGRO,FOOD,,AMATA,#N/A
SSF,AGRO,FOOD,,AMATAR,#N/A
SST,AGRO,FOOD,,AMATAV,#N/A
TC,AGRO,FOOD,,AMC,#N/A
TFG,AGRO,FOOD,,ANAN,#N/A
TFMAMA,AGRO,FOOD,,AOT,#N/A
TIPCO,AGRO,FOOD,,AP,#N/A
TKN,AGRO,FOOD,,APCO,#N/A
TU,AGRO,FOOD,,APCS,#N/A
TVO,AGRO,FOOD,,APEX,#N/A
ZEN,AGRO,FOOD,,APURE,AGRO
AFC ,CONSUMP,FASHION,,AQ,#N/A
B52 ,CONSUMP,FASHION,,AQUA,#N/A
BTNC ,CONSUMP,FASHION,,ARIP,#N/A
CPH ,CONSUMP,FASHION,,ARROW,#N/A
CPL ,CONSUMP,FASHION,,AS,#N/A
ICC ,CONSUMP,FASHION,,ASAP,#N/A
NC ,CONSUMP,FASHION,,ASEFA,#N/A
PAF ,CONSUMP,FASHION,,ASIA,#N/A
PDJ ,CONSUMP,FASHION,,ASIAN,AGRO
PG ,CONSUMP,FASHION,,ASIMAR,#N/A
SABINA ,CONSUMP,FASHION,,ASK,#N/A
SAWANG ,CONSUMP,FASHION,,ASN,#N/A
SUC ,CONSUMP,FASHION,,ASP,#N/A
TNL ,CONSUMP,FASHION,,ATP30,#N/A
TPCORP ,CONSUMP,FASHION,,AU,#N/A
TR ,CONSUMP,FASHION,,AUCT,#N/A
TTI ,CONSUMP,FASHION,,AYUD,#N/A
TTT ,CONSUMP,FASHION,,B,#N/A
UPF ,CONSUMP,FASHION,,B-WORK,#N/A
UT ,CONSUMP,FASHION,,BA,#N/A
WACOAL ,CONSUMP,FASHION,,BAFS,#N/A
ACC ,CONSUMP,HOME,,BANPU,#N/A
AJA ,CONSUMP,HOME,,BAY,#N/A
DTCI ,CONSUMP,HOME,,BBL,#N/A
FANCY ,CONSUMP,HOME,,BCH,#N/A
KYE ,CONSUMP,HOME,,BCP,#N/A
L&E ,CONSUMP,HOME,,BCPG,#N/A
MODERN ,CONSUMP,HOME,,BCT,#N/A
OGC ,CONSUMP,HOME,,BDMS,#N/A
ROCK ,CONSUMP,HOME,,BEAUTY,#N/A
SIAM ,CONSUMP,HOME,,BEC,#N/A
TSR ,CONSUMP,HOME,,BEM,#N/A
APCO ,CONSUMP,PERSON,,BFIT,#N/A
DDD ,CONSUMP,PERSON,,BGC,#N/A
JCT ,CONSUMP,PERSON,,BGRIM,#N/A
OCC ,CONSUMP,PERSON,,BGT,#N/A
S & J ,CONSUMP,PERSON,,BH,#N/A
STHAI ,CONSUMP,PERSON,,BIG,#N/A
TNR ,CONSUMP,PERSON,,BIZ,#N/A
TOG ,CONSUMP,PERSON,,BJC,#N/A
BAY ,FINCIAL,BANK,,BJCHI,#N/A
BBL ,FINCIAL,BANK,,BKD,#N/A
CIMBT ,FINCIAL,BANK,,BKI,#N/A
KBANK ,FINCIAL,BANK,,BKKCP,#N/A
KKP ,FINCIAL,BANK,,BLA,#N/A
KTB ,FINCIAL,BANK,,BLAND,#N/A
LHFG ,FINCIAL,BANK,,BM,#N/A
SCB ,FINCIAL,BANK,,BOFFICE,#N/A
TCAP ,FINCIAL,BANK,,BOL,#N/A
TISCO ,FINCIAL,BANK,,BPP,#N/A
TMB ,FINCIAL,BANK,,BR,AGRO
AEC ,FINCIAL,FIN,,BROCK,#N/A
AEONTS ,FINCIAL,FIN,,BROOK,#N/A
AMANAH ,FINCIAL,FIN,,BRR,AGRO
ASAP ,FINCIAL,FIN,,BRRGIF,#N/A
ASK ,FINCIAL,FIN,,BSBM,#N/A
ASP ,FINCIAL,FIN,,BSM,#N/A
BFIT ,FINCIAL,FIN,,BTS,#N/A
CGH ,FINCIAL,FIN,,BTSGIF,#N/A
CNS ,FINCIAL,FIN,,BTW,#N/A
ECL ,FINCIAL,FIN,,BWG,#N/A
FNS ,FINCIAL,FIN,,CBG,AGRO
FSS ,FINCIAL,FIN,,CCET,#N/A
GBX ,FINCIAL,FIN,,CCP,#N/A
GL ,FINCIAL,FIN,,CEN,#N/A
IFS ,FINCIAL,FIN,,CENTEL,#N/A
JMT ,FINCIAL,FIN,,CFRESH,AGRO
KCAR ,FINCIAL,FIN,,CGD,#N/A
KGI ,FINCIAL,FIN,,CGH,#N/A
KTC ,FINCIAL,FIN,,CHAYO,#N/A
MBKET ,FINCIAL,FIN,,CHEWA,#N/A
MFC ,FINCIAL,FIN,,CHG,#N/A
ML ,FINCIAL,FIN,,CHO,#N/A
MTC ,FINCIAL,FIN,,CHOW,#N/A
PE ,FINCIAL,FIN,,CI,#N/A
PL ,FINCIAL,FIN,,CIG,#N/A
S11 ,FINCIAL,FIN,,CIMBT,#N/A
SAWAD ,FINCIAL,FIN,,CITY,#N/A
THANI ,FINCIAL,FIN,,CK,#N/A
TK ,FINCIAL,FIN,,CKP,#N/A
TNITY ,FINCIAL,FIN,,CM,AGRO
UOBKH ,FINCIAL,FIN,,CMAN,#N/A
ZMICO ,FINCIAL,FIN,,CMC,#N/A
AYUD ,FINCIAL,INSUR,,CMO,#N/A
BKI ,FINCIAL,INSUR,,CMR,#N/A
BLA ,FINCIAL,INSUR,,CNS,#N/A
BUI ,FINCIAL,INSUR,,CNT,#N/A
CHARAN ,FINCIAL,INSUR,,COL,#N/A
INSURE ,FINCIAL,INSUR,,COLOR,#N/A
MTI ,FINCIAL,INSUR,,COM7,#N/A
NKI ,FINCIAL,INSUR,,COMAN,#N/A
NSI ,FINCIAL,INSUR,,COTTO,#N/A
SEG ,FINCIAL,INSUR,,CPALL,#N/A
SMK ,FINCIAL,INSUR,,CPF,AGRO
THRE ,FINCIAL,INSUR,,CPH,#N/A
THREL ,FINCIAL,INSUR,,CPI,AGRO
TIP ,FINCIAL,INSUR,,CPL,#N/A
TQM ,FINCIAL,INSUR,,CPN,#N/A
TSI ,FINCIAL,INSUR,,CPNCG,#N/A
TVI ,FINCIAL,INSUR,,CPNREIT,#N/A
AH ,INDUS,AUTO,,CPR,#N/A
APCS ,INDUS,AUTO,,CPT,#N/A
BAT-3K ,INDUS,AUTO,,CPTGF,#N/A
CWT ,INDUS,AUTO,,CRANE,#N/A
EASON ,INDUS,AUTO,,CRD,#N/A
GYT ,INDUS,AUTO,,CRYSTAL,#N/A
HFT ,INDUS,AUTO,,CSC,#N/A
IHL ,INDUS,AUTO,,CSP,#N/A
INGRS ,INDUS,AUTO,,CSS,#N/A
IRC ,INDUS,AUTO,,CTARAF,#N/A
PCSGH ,INDUS,AUTO,,CTW,#N/A
SAT ,INDUS,AUTO,,CWT,#N/A
SPG ,INDUS,AUTO,,D,#N/A
STANLY ,INDUS,AUTO,,DCC,#N/A
TKT ,INDUS,AUTO,,DCON,#N/A
TNPC ,INDUS,AUTO,,DCORP,#N/A
TRU ,INDUS,AUTO,,DDD,#N/A
TSC ,INDUS,AUTO,,DELTA,#N/A
ALLA ,INDUS,IMM,,DEMCO,#N/A
ASEFA ,INDUS,IMM,,DIF,#N/A
CPT ,INDUS,IMM,,DIGI,#N/A
CRANE ,INDUS,IMM,,DIMET,#N/A
CTW ,INDUS,IMM,,DNA,#N/A
FMT ,INDUS,IMM,,DOD,#N/A
HTECH ,INDUS,IMM,,DREIT,#N/A
KKC ,INDUS,IMM,,DRT,#N/A
PK ,INDUS,IMM,,DTAC,#N/A
SNC ,INDUS,IMM,,DTC,#N/A
STARK ,INDUS,IMM,,DTCI,#N/A
TCJ ,INDUS,IMM,,EA,#N/A
VARO ,INDUS,IMM,,EASON,#N/A
UTP ,INDUS,PAPER,,EASTW,#N/A
BCT ,INDUS,PETRO,,ECF,#N/A
CMAN ,INDUS,PETRO,,ECL,#N/A
GC ,INDUS,PETRO,,EE,AGRO
GGC ,INDUS,PETRO,,EFORL,#N/A
GIFT ,INDUS,PETRO,,EGATIF,#N/A
IVL ,INDUS,PETRO,,EGCO,#N/A
NFC ,INDUS,PETRO,,EIC,#N/A
PATO ,INDUS,PETRO,,EKH,#N/A
PMTA ,INDUS,PETRO,,EMC,#N/A
PTTGC ,INDUS,PETRO,,EPCO,#N/A
SUTHA ,INDUS,PETRO,,EPG,#N/A
TCCC ,INDUS,PETRO,,ERW,#N/A
TPA ,INDUS,PETRO,,ERWPF,#N/A
UP ,INDUS,PETRO,,ESSO,#N/A
VNT ,INDUS,PETRO,,ESTAR,#N/A
WG ,INDUS,PETRO,,ETE,#N/A
YCI ,INDUS,PETRO,,EVER,#N/A
AJ ,INDUS,PKG,,F&D,AGRO
ALUCON ,INDUS,PKG,,FANCY,#N/A
BGC ,INDUS,PKG,,FC,#N/A
CSC ,INDUS,PKG,,FLOYD,#N/A
GLOCON ,INDUS,PKG,,FN,#N/A
NEP ,INDUS,PKG,,FNS,#N/A
PTL ,INDUS,PKG,,FOCUS,#N/A
SITHAI ,INDUS,PKG,,FORTH,#N/A
SLP ,INDUS,PKG,,FPI,#N/A
SMPC ,INDUS,PKG,,FSMART,#N/A
SPACK ,INDUS,PKG,,FSS,#N/A
TCOAT ,INDUS,PKG,,FTE,#N/A
TFI ,INDUS,PKG,,FUTUREPF,#N/A
THIP ,INDUS,PKG,,FVC,#N/A
TMD ,INDUS,PKG,,GAHREIT,#N/A
TOPP ,INDUS,PKG,,GBX,#N/A
TPBI ,INDUS,PKG,,GC,#N/A
TPP ,INDUS,PKG,,GCAP,#N/A
AMC ,INDUS,STEEL,,GEL,#N/A
BSBM ,INDUS,STEEL,,GENCO,#N/A
CEN ,INDUS,STEEL,,GFPT,AGRO
CITY ,INDUS,STEEL,,GGC,#N/A
CSP ,INDUS,STEEL,,GIFT,#N/A
GJS ,INDUS,STEEL,,GJS,#N/A
GSTEEL ,INDUS,STEEL,,GL,#N/A
INOX ,INDUS,STEEL,,GLAND,#N/A
LHK ,INDUS,STEEL,,GLANDRT,#N/A
MAX ,INDUS,STEEL,,GLOBAL,#N/A
MCS ,INDUS,STEEL,,GLOW,#N/A
MILL ,INDUS,STEEL,,GOLD,#N/A
PAP ,INDUS,STEEL,,GPI,#N/A
PERM ,INDUS,STEEL,,GPSC,#N/A
RICH ,INDUS,STEEL,,GRAMMY,#N/A
SAM ,INDUS,STEEL,,GRAND,#N/A
SMIT ,INDUS,STEEL,,GREEN,#N/A
SSI ,INDUS,STEEL,,GTB,#N/A
SSSC ,INDUS,STEEL,,GULF,#N/A
TGPRO ,INDUS,STEEL,,GUNKUL,#N/A
THE ,INDUS,STEEL,,GVREIT,#N/A
TIW ,INDUS,STEEL,,HANA,#N/A
TMT ,INDUS,STEEL,,HARN,#N/A
TSTH ,INDUS,STEEL,,HFT,#N/A
TWP ,INDUS,STEEL,,HMPRO,#N/A
TYCN ,INDUS,STEEL,,HPF,#N/A
CCP ,PROPCON,CONMAT,,HPT,#N/A
COTTO ,PROPCON,CONMAT,,HREIT,#N/A
DCC ,PROPCON,CONMAT,,HTC,AGRO
DCON ,PROPCON,CONMAT,,HTECH,#N/A
DRT ,PROPCON,CONMAT,,HUMAN,#N/A
EPG ,PROPCON,CONMAT,,HYDRO,#N/A
GEL ,PROPCON,CONMAT,,ICHI,AGRO
PPP ,PROPCON,CONMAT,,ICN,#N/A
Q-CON ,PROPCON,CONMAT,,IFS,#N/A
RCI ,PROPCON,CONMAT,,IHL,#N/A
SCC ,PROPCON,CONMAT,,III,#N/A
SCCC ,PROPCON,CONMAT,,ILINK,#N/A
SCP ,PROPCON,CONMAT,,IMPACT,#N/A
SKN ,PROPCON,CONMAT,,INET,#N/A
TASCO ,PROPCON,CONMAT,,INGRS,#N/A
TCMC ,PROPCON,CONMAT,,INOX,#N/A
TOA ,PROPCON,CONMAT,,INTUCH,#N/A
TPIPL ,PROPCON,CONMAT,,IRC,#N/A
UMI ,PROPCON,CONMAT,,IRCP,#N/A
VNG ,PROPCON,CONMAT,,IRPC,#N/A
WIIK ,PROPCON,CONMAT,,IT,#N/A
A ,PROPCON,PROP,,ITD,#N/A
AMATA ,PROPCON,PROP,,ITEL,#N/A
AMATAV ,PROPCON,PROP,,IVL,#N/A
ANAN ,PROPCON,PROP,,J,#N/A
AP ,PROPCON,PROP,,JAS,#N/A
APEX ,PROPCON,PROP,,JASIF,#N/A
AQ ,PROPCON,PROP,,JCK,#N/A
AWC ,PROPCON,PROP,,JCKH,#N/A
BLAND ,PROPCON,PROP,,JCT,#N/A
BROCK ,PROPCON,PROP,,JKN,#N/A
CGD ,PROPCON,PROP,,JMART,#N/A
CI ,PROPCON,PROP,,JMT,#N/A
CPN ,PROPCON,PROP,,JSP,#N/A
ESTAR ,PROPCON,PROP,,JTS,#N/A
EVER ,PROPCON,PROP,,JUBILE,#N/A
FPT ,PROPCON,PROP,,JWD,#N/A
GLAND ,PROPCON,PROP,,K,#N/A
GOLD ,PROPCON,PROP,,KAMART,#N/A
GREEN ,PROPCON,PROP,,KASET,#N/A
J ,PROPCON,PROP,,KBANK,#N/A
JCK ,PROPCON,PROP,,KBS,AGRO
KC ,PROPCON,PROP,,KCAR,#N/A
KWG ,PROPCON,PROP,,KCE,#N/A
LALIN ,PROPCON,PROP,,KCM,#N/A
LH ,PROPCON,PROP,,KGI,#N/A
LPN ,PROPCON,PROP,,KIAT,#N/A
MBK ,PROPCON,PROP,,KKC,#N/A
MJD ,PROPCON,PROP,,KKP,#N/A
MK ,PROPCON,PROP,,KOOL,#N/A
NCH ,PROPCON,PROP,,KPNPF,#N/A
NNCL ,PROPCON,PROP,,KSL,AGRO
NOBLE ,PROPCON,PROP,,KTB,#N/A
NUSA ,PROPCON,PROP,,KTC,#N/A
NVD ,PROPCON,PROP,,KTIS,AGRO
ORI ,PROPCON,PROP,,KWG,#N/A
PACE ,PROPCON,PROP,,KWM,#N/A
PF ,PROPCON,PROP,,KYE,#N/A
PLAT ,PROPCON,PROP,,L&E,#N/A
POLAR ,PROPCON,PROP,,LALIN,#N/A
PRECHA ,PROPCON,PROP,,LANNA,#N/A
PRIN ,PROPCON,PROP,,LDC,#N/A
PSH ,PROPCON,PROP,,LEE,AGRO
QH ,PROPCON,PROP,,LH,#N/A
RICHY ,PROPCON,PROP,,LHFG,#N/A
RML ,PROPCON,PROP,,LHHOTEL,#N/A
ROJNA ,PROPCON,PROP,,LHK,#N/A
S ,PROPCON,PROP,,LHPF,#N/A
SAMCO ,PROPCON,PROP,,LHSC,#N/A
SC ,PROPCON,PROP,,LIT,#N/A
SENA ,PROPCON,PROP,,LOXLEY,#N/A
SF ,PROPCON,PROP,,LPH,#N/A
SIRI ,PROPCON,PROP,,LPN,#N/A
SPALI ,PROPCON,PROP,,LRH,#N/A
U ,PROPCON,PROP,,LST,AGRO
UV ,PROPCON,PROP,,LTX,#N/A
WHA ,PROPCON,PROP,,LUXF,#N/A
WIN ,PROPCON,PROP,,M,AGRO
AIMCG ,PROPCON,PF&REIT,,M-CHAI,#N/A
AIMIRT ,PROPCON,PF&REIT,,M-II,#N/A
AMATAR ,PROPCON,PF&REIT,,M-PAT,#N/A
B-WORK ,PROPCON,PF&REIT,,M-STOR,#N/A
BKKCP ,PROPCON,PF&REIT,,MACO,#N/A
BOFFICE ,PROPCON,PF&REIT,,MAJOR,#N/A
CPNCG ,PROPCON,PF&REIT,,MAKRO,#N/A
CPNREIT ,PROPCON,PF&REIT,,MALEE,AGRO
CPTGF ,PROPCON,PF&REIT,,MANRIN,#N/A
CRYSTAL ,PROPCON,PF&REIT,,MATCH,#N/A
CTARAF ,PROPCON,PF&REIT,,MAX,#N/A
DREIT ,PROPCON,PF&REIT,,MBAX,#N/A
ERWPF ,PROPCON,PF&REIT,,MBK,#N/A
FTREIT ,PROPCON,PF&REIT,,MBKET,#N/A
FUTUREPF ,PROPCON,PF&REIT,,MC,#N/A
GAHREIT ,PROPCON,PF&REIT,,MCOT,#N/A
GLANDRT ,PROPCON,PF&REIT,,MCS,#N/A
GOLDPF ,PROPCON,PF&REIT,,MDX,#N/A
GVREIT ,PROPCON,PF&REIT,,MEGA,#N/A
HPF ,PROPCON,PF&REIT,,META,#N/A
HREIT ,PROPCON,PF&REIT,,METCO,#N/A
IMPACT ,PROPCON,PF&REIT,,MFC,#N/A
KPNPF ,PROPCON,PF&REIT,,MFEC,#N/A
LHHOTEL ,PROPCON,PF&REIT,,MGT,#N/A
LHPF ,PROPCON,PF&REIT,,MIDA,#N/A
LHSC ,PROPCON,PF&REIT,,MILL,#N/A
LUXF ,PROPCON,PF&REIT,,MINT,AGRO
M-II ,PROPCON,PF&REIT,,MIT,#N/A
M-PAT ,PROPCON,PF&REIT,,MJD,#N/A
M-STOR ,PROPCON,PF&REIT,,MJLF,#N/A
MIPF ,PROPCON,PF&REIT,,MK,#N/A
MIT ,PROPCON,PF&REIT,,ML,#N/A
MJLF ,PROPCON,PF&REIT,,MM,#N/A
MNIT ,PROPCON,PF&REIT,,MNIT,#N/A
MNIT2 ,PROPCON,PF&REIT,,MNRF,#N/A
MNRF ,PROPCON,PF&REIT,,MODERN,#N/A
MONTRI ,PROPCON,PF&REIT,,MONO,#N/A
POPF ,PROPCON,PF&REIT,,MOONG,#N/A
PPF ,PROPCON,PF&REIT,,MPG,#N/A
QHHR ,PROPCON,PF&REIT,,MSC,#N/A
QHOP ,PROPCON,PF&REIT,,MTC,#N/A
QHPF ,PROPCON,PF&REIT,,MTI,#N/A
SBPF ,PROPCON,PF&REIT,,MVP,#N/A
SHREIT ,PROPCON,PF&REIT,,NBC,#N/A
SIRIP ,PROPCON,PF&REIT,,NCH,#N/A
SPF ,PROPCON,PF&REIT,,NCL,#N/A
SPRIME ,PROPCON,PF&REIT,,NDR,#N/A
SRIPANWA ,PROPCON,PF&REIT,,NEP,#N/A
SSPF ,PROPCON,PF&REIT,,NER,AGRO
SSTPF ,PROPCON,PF&REIT,,NETBAY,#N/A
SSTRT ,PROPCON,PF&REIT,,NEWS,#N/A
TIF1 ,PROPCON,PF&REIT,,NFC,#N/A
TLGF ,PROPCON,PF&REIT,,NINE,#N/A
TLHPF ,PROPCON,PF&REIT,,NNCL,#N/A
TNPF ,PROPCON,PF&REIT,,NOBLE,#N/A
TPRIME ,PROPCON,PF&REIT,,NOK,#N/A
TTLPF ,PROPCON,PF&REIT,,NPPG,#N/A
TU-PF ,PROPCON,PF&REIT,,NSI,#N/A
URBNPF ,PROPCON,PF&REIT,,NTV,#N/A
WHABT ,PROPCON,PF&REIT,,NUSA,#N/A
WHART ,PROPCON,PF&REIT,,NVD,#N/A
BJCHI ,PROPCON,CONS,,NWR,#N/A
BKD ,PROPCON,CONS,,NYT,#N/A
CK ,PROPCON,CONS,,OCEAN,#N/A
CNT ,PROPCON,CONS,,OGC,#N/A
EMC ,PROPCON,CONS,,OISHI,AGRO
ITD ,PROPCON,CONS,,ORI,#N/A
NWR ,PROPCON,CONS,,OSP,AGRO
PAE ,PROPCON,CONS,,OTO,#N/A
PLE ,PROPCON,CONS,,PACE,#N/A
PREB ,PROPCON,CONS,,PAF,#N/A
PYLON ,PROPCON,CONS,,PAP,#N/A
SEAFCO ,PROPCON,CONS,,PATO,#N/A
SQ ,PROPCON,CONS,,PB,AGRO
SRICHA ,PROPCON,CONS,,PCSGH,#N/A
STEC ,PROPCON,CONS,,PDG,#N/A
STPI ,PROPCON,CONS,,PDI,#N/A
SYNTEC ,PROPCON,CONS,,PDJ,#N/A
TPOLY ,PROPCON,CONS,,PE,#N/A
TRC ,PROPCON,CONS,,PERM,#N/A
TRITN ,PROPCON,CONS,,PF,#N/A
TTCL ,PROPCON,CONS,,PG,#N/A
UNIQ ,PROPCON,CONS,,PHOL,#N/A
7UP ,RESOURC,ENERG,,PICO,#N/A
ABPIF ,RESOURC,ENERG,,PIMO,#N/A
ACE ,RESOURC,ENERG,,PJW,#N/A
AI ,RESOURC,ENERG,,PK,#N/A
AKR ,RESOURC,ENERG,,PL,#N/A
BAFS ,RESOURC,ENERG,,PLANB,#N/A
BANPU ,RESOURC,ENERG,,PLANET,#N/A
BCP ,RESOURC,ENERG,,PLAT,#N/A
BCPG ,RESOURC,ENERG,,PLE,#N/A
BGRIM ,RESOURC,ENERG,,PM,AGRO
BPP ,RESOURC,ENERG,,PMTA,#N/A
BRRGIF ,RESOURC,ENERG,,POPF,#N/A
CKP ,RESOURC,ENERG,,PORT,#N/A
DEMCO ,RESOURC,ENERG,,POST,#N/A
EA ,RESOURC,ENERG,,PPF,#N/A
EASTW ,RESOURC,ENERG,,PPM,#N/A
EGATIF ,RESOURC,ENERG,,PPP,#N/A
EGCO ,RESOURC,ENERG,,PPPM,AGRO
ESSO ,RESOURC,ENERG,,PPS,#N/A
GLOW ,RESOURC,ENERG,,PR9,#N/A
GPSC ,RESOURC,ENERG,,PRAKIT,#N/A
GULF ,RESOURC,ENERG,,PREB,#N/A
GUNKUL ,RESOURC,ENERG,,PRECHA,#N/A
IFEC ,RESOURC,ENERG,,PRG,AGRO
IRPC ,RESOURC,ENERG,,PRIN,#N/A
LANNA ,RESOURC,ENERG,,PRINC,#N/A
MDX ,RESOURC,ENERG,,PRM,#N/A
PRIME ,RESOURC,ENERG,,PSH,#N/A
PTG ,RESOURC,ENERG,,PSL,#N/A
PTT ,RESOURC,ENERG,,PSTC,#N/A
PTTEP ,RESOURC,ENERG,,PT,#N/A
RATCH ,RESOURC,ENERG,,PTG,#N/A
RPC ,RESOURC,ENERG,,PTL,#N/A
SCG ,RESOURC,ENERG,,PTT,#N/A
SCI ,RESOURC,ENERG,,PTTEP,#N/A
SCN ,RESOURC,ENERG,,PTTGC,#N/A
SGP ,RESOURC,ENERG,,PYLON,#N/A
SKE ,RESOURC,ENERG,,Q-CON,#N/A
SOLAR ,RESOURC,ENERG,,QH,#N/A
SPCG ,RESOURC,ENERG,,QHHR,#N/A
SPRC ,RESOURC,ENERG,,QHOP,#N/A
SSP ,RESOURC,ENERG,,QHPF,#N/A
SUPER ,RESOURC,ENERG,,QLT,#N/A
SUPEREIF ,RESOURC,ENERG,,QTC,#N/A
SUSCO ,RESOURC,ENERG,,RAM,#N/A
TAE ,RESOURC,ENERG,,RATCH,#N/A
TCC ,RESOURC,ENERG,,RCI,#N/A
TOP ,RESOURC,ENERG,,RCL,#N/A
TPIPP ,RESOURC,ENERG,,RICHY,#N/A
TSE ,RESOURC,ENERG,,RJH,#N/A
TTW ,RESOURC,ENERG,,RML,#N/A
WHAUP ,RESOURC,ENERG,,ROBINS,#N/A
WP ,RESOURC,ENERG,,ROH,#N/A
PDI ,RESOURC,MINE,,ROJNA,#N/A
THL ,RESOURC,MINE,,RP,#N/A
BEAUTY ,SERVICE,COMM,,RPC,#N/A
BIG ,SERVICE,COMM,,RPH,#N/A
BJC ,SERVICE,COMM,,RS,#N/A
COL ,SERVICE,COMM,,RSP,#N/A
COM7 ,SERVICE,COMM,,RWI,#N/A
CPALL ,SERVICE,COMM,,S,#N/A
CPW ,SERVICE,COMM,,S11,#N/A
CSS ,SERVICE,COMM,,SABINA,#N/A
DOHOME ,SERVICE,COMM,,SALEE,#N/A
FN ,SERVICE,COMM,,SAM,#N/A
FTE ,SERVICE,COMM,,SAMART,#N/A
GLOBAL ,SERVICE,COMM,,SAMCO,#N/A
HMPRO ,SERVICE,COMM,,SAMTEL,#N/A
ILM ,SERVICE,COMM,,SANKO,#N/A
IT ,SERVICE,COMM,,SAPPE,AGRO
KAMART ,SERVICE,COMM,,SAT,#N/A
LOXLEY ,SERVICE,COMM,,SAUCE,AGRO
MAKRO ,SERVICE,COMM,,SAWAD,#N/A
MC ,SERVICE,COMM,,SAWANG,#N/A
MEGA ,SERVICE,COMM,,SC,#N/A
MIDA ,SERVICE,COMM,,SCB,#N/A
ROBINS ,SERVICE,COMM,,SCC,#N/A
RS ,SERVICE,COMM,,SCCC,#N/A
RSP ,SERVICE,COMM,,SCG,#N/A
SINGER ,SERVICE,COMM,,SCI,#N/A
SPC ,SERVICE,COMM,,SCN,#N/A
SPI ,SERVICE,COMM,,SCP,#N/A
AHC ,SERVICE,HELTH,,SDC,#N/A
BCH ,SERVICE,HELTH,,SE,#N/A
BDMS ,SERVICE,HELTH,,SE-ED,#N/A
BH ,SERVICE,HELTH,,SEAFCO,#N/A
CHG ,SERVICE,HELTH,,SEAOIL,#N/A
CMR ,SERVICE,HELTH,,SELIC,#N/A
EKH ,SERVICE,HELTH,,SENA,#N/A
KDH ,SERVICE,HELTH,,SF,#N/A
LPH ,SERVICE,HELTH,,SGF,#N/A
M-CHAI ,SERVICE,HELTH,,SGP,#N/A
NEW ,SERVICE,HELTH,,SHANG,#N/A
NTV ,SERVICE,HELTH,,SHREIT,#N/A
PR9 ,SERVICE,HELTH,,SIAM,#N/A
PRINC ,SERVICE,HELTH,,SIMAT,#N/A
RAM ,SERVICE,HELTH,,SINGER,#N/A
RJH ,SERVICE,HELTH,,SIRI,#N/A
RPH ,SERVICE,HELTH,,SIS,#N/A
SKR ,SERVICE,HELTH,,SISB,#N/A
SVH ,SERVICE,HELTH,,SITHAI,#N/A
THG ,SERVICE,HELTH,,SKE,#N/A
VIBHA ,SERVICE,HELTH,,SKN,#N/A
VIH ,SERVICE,HELTH,,SKR,#N/A
WPH ,SERVICE,HELTH,,SKY,#N/A
AMARIN ,SERVICE,MEDIA,,SLP,#N/A
AQUA ,SERVICE,MEDIA,,SMART,#N/A
AS ,SERVICE,MEDIA,,SMIT,#N/A
BEC ,SERVICE,MEDIA,,SMK,#N/A
EPCO ,SERVICE,MEDIA,,SMM,#N/A
FE ,SERVICE,MEDIA,,SMPC,#N/A
GPI ,SERVICE,MEDIA,,SMT,#N/A
GRAMMY ,SERVICE,MEDIA,,SNC,#N/A
MACO ,SERVICE,MEDIA,,SNP,AGRO
MAJOR ,SERVICE,MEDIA,,SOLAR,#N/A
MATCH ,SERVICE,MEDIA,,SONIC,#N/A
MATI ,SERVICE,MEDIA,,SORKON,AGRO
MCOT ,SERVICE,MEDIA,,SPA,#N/A
MONO ,SERVICE,MEDIA,,SPACK,#N/A
MPIC ,SERVICE,MEDIA,,SPALI,#N/A
NMG ,SERVICE,MEDIA,,SPC,#N/A
PLANB ,SERVICE,MEDIA,,SPCG,#N/A
POST ,SERVICE,MEDIA,,SPF,#N/A
PRAKIT ,SERVICE,MEDIA,,SPG,#N/A
SE-ED ,SERVICE,MEDIA,,SPI,#N/A
SPORT ,SERVICE,MEDIA,,SPORT,#N/A
TBSP ,SERVICE,MEDIA,,SPPT,#N/A
TH ,SERVICE,MEDIA,,SPRC,#N/A
TKS ,SERVICE,MEDIA,,SPVI,#N/A
VGI ,SERVICE,MEDIA,,SQ,#N/A
WAVE ,SERVICE,MEDIA,,SRICHA,#N/A
WORK ,SERVICE,MEDIA,,SRIPANWA,#N/A
BWG ,SERVICE,PROF,,SSC,AGRO
GENCO ,SERVICE,PROF,,SSF,AGRO
PRO ,SERVICE,PROF,,SSP,#N/A
SISB ,SERVICE,PROF,,SSPF,#N/A
TEAMG ,SERVICE,PROF,,SSSC,#N/A
ASIA ,SERVICE,TOURISM,,SST,AGRO
CENTEL ,SERVICE,TOURISM,,SSTRT,#N/A
CSR ,SERVICE,TOURISM,,STA,AGRO
DTC ,SERVICE,TOURISM,,STANLY,#N/A
ERW ,SERVICE,TOURISM,,STAR,#N/A
GRAND ,SERVICE,TOURISM,,STEC,#N/A
LRH ,SERVICE,TOURISM,,STI,#N/A
MANRIN ,SERVICE,TOURISM,,STPI,#N/A
OHTL ,SERVICE,TOURISM,,SUC,#N/A
ROH ,SERVICE,TOURISM,,SUN,#N/A
SHANG ,SERVICE,TOURISM,,SUPER,#N/A
SHR ,SERVICE,TOURISM,,SUSCO,#N/A
VRANDA ,SERVICE,TOURISM,,SUTHA,#N/A
AAV ,SERVICE,TRANS,,SVH,#N/A
AOT ,SERVICE,TRANS,,SVI,#N/A
ASIMAR ,SERVICE,TRANS,,SVOA,#N/A
B ,SERVICE,TRANS,,SWC,#N/A
BA ,SERVICE,TRANS,,SYMC,#N/A
BEM ,SERVICE,TRANS,,SYNEX,#N/A
BTS ,SERVICE,TRANS,,SYNTEC,#N/A
BTSGIF ,SERVICE,TRANS,,T,#N/A
III ,SERVICE,TRANS,,TACC,#N/A
JUTHA ,SERVICE,TRANS,,TAE,#N/A
JWD ,SERVICE,TRANS,,TAKUNI,#N/A
KWC ,SERVICE,TRANS,,TAPAC,#N/A
NOK ,SERVICE,TRANS,,TASCO,#N/A
NYT ,SERVICE,TRANS,,TBSP,#N/A
PRM ,SERVICE,TRANS,,TC,AGRO
PSL ,SERVICE,TRANS,,TCAP,#N/A
RCL ,SERVICE,TRANS,,TCC,#N/A
TFFIF ,SERVICE,TRANS,,TCCC,#N/A
THAI ,SERVICE,TRANS,,TCJ,#N/A
TSTE ,SERVICE,TRANS,,TCMC,#N/A
TTA ,SERVICE,TRANS,,TEAM,#N/A
WICE ,SERVICE,TRANS,,TEAMG,#N/A
CCET ,TECH,ETRON,,TFFIF,#N/A
DELTA ,TECH,ETRON,,TFG,AGRO
EIC ,TECH,ETRON,,TFI,#N/A
HANA ,TECH,ETRON,,TFMAMA,AGRO
KCE ,TECH,ETRON,,TGPRO,#N/A
METCO ,TECH,ETRON,,TH,#N/A
NEX ,TECH,ETRON,,THAI,#N/A
SMT ,TECH,ETRON,,THANA,#N/A
SVI ,TECH,ETRON,,THANI,#N/A
TEAM ,TECH,ETRON,,THCOM,#N/A
ADVANC ,TECH,ICT,,THE,#N/A
AIT ,TECH,ICT,,THG,#N/A
ALT ,TECH,ICT,,THIP,#N/A
BLISS ,TECH,ICT,,THMUI,#N/A
DIF ,TECH,ICT,,THRE,#N/A
DTAC ,TECH,ICT,,THREL,#N/A
FORTH ,TECH,ICT,,TICON,#N/A
HUMAN ,TECH,ICT,,TIF1,#N/A
ILINK ,TECH,ICT,,TIGER,#N/A
INET ,TECH,ICT,,TIP,#N/A
INTUCH ,TECH,ICT,,TIPCO,AGRO
JAS ,TECH,ICT,,TISCO,#N/A
JASIF ,TECH,ICT,,TITLE,#N/A
JMART ,TECH,ICT,,TK,#N/A
JTS ,TECH,ICT,,TKN,AGRO
MFEC ,TECH,ICT,,TKS,#N/A
MSC ,TECH,ICT,,TKT,#N/A
PT ,TECH,ICT,,TLGF,#N/A
SAMART ,TECH,ICT,,TM,#N/A
SAMTEL ,TECH,ICT,,TMB,#N/A
SDC ,TECH,ICT,,TMC,#N/A
SIS ,TECH,ICT,,TMD,#N/A
SVOA ,TECH,ICT,,TMI,#N/A
SYMC ,TECH,ICT,,TMILL,#N/A
SYNEX ,TECH,ICT,,TMT,#N/A
THCOM ,TECH,ICT,,TMW,#N/A
TRUE ,TECH,ICT,,TNDT,#N/A
TWZ ,TECH,ICT,,TNH,#N/A
,,,,TNITY,#N/A
,,,,TNP,#N/A
,,,,TNPC,#N/A
,,,,TNR,#N/A
,,,,TOA,#N/A
,,,,TOG,#N/A
,,,,TOP,#N/A
,,,,TPA,#N/A
,,,,TPAC,#N/A
,,,,TPBI,#N/A
,,,,TPCH,#N/A
,,,,TPCORP,#N/A
,,,,TPIPL,#N/A
,,,,TPIPP,#N/A
,,,,TPLAS,#N/A
,,,,TPOLY,#N/A
,,,,TPRIME,#N/A
,,,,TQM,#N/A
,,,,TR,#N/A
,,,,TRC,#N/A
,,,,TREIT,#N/A
,,,,TRITN,#N/A
,,,,TRT,#N/A
,,,,TRU,#N/A
,,,,TRUBB,AGRO
,,,,TRUE,#N/A
,,,,TSC,#N/A
,,,,TSE,#N/A
,,,,TSF,#N/A
,,,,TSI,#N/A
,,,,TSR,#N/A
,,,,TSTE,#N/A
,,,,TSTH,#N/A
,,,,TTA,#N/A
,,,,TTCL,#N/A
,,,,TTTM,#N/A
,,,,TTW,#N/A
,,,,TU,AGRO
,,,,TVD,#N/A
,,,,TVI,#N/A
,,,,TVO,AGRO
,,,,TVT,#N/A
,,,,TWP,#N/A
,,,,TWPC,AGRO
,,,,TWZ,#N/A
,,,,U,#N/A
,,,,UAC,#N/A
,,,,UBIS,#N/A
,,,,UEC,#N/A
,,,,UKEM,#N/A
,,,,UMI,#N/A
,,,,UMS,#N/A
,,,,UNIQ,#N/A
,,,,UOBKH,#N/A
,,,,UPA,#N/A
,,,,UPOIC,AGRO
,,,,URBNPF,#N/A
,,,,UREKA,#N/A
,,,,UTP,#N/A
,,,,UV,#N/A
,,,,UVAN,AGRO
,,,,UWC,#N/A
,,,,VCOM,#N/A
,,,,VGI,#N/A
,,,,VIBHA,#N/A
,,,,VIH,#N/A
,,,,VNG,#N/A
,,,,VNT,#N/A
,,,,VPO,AGRO
,,,,WACOAL,#N/A
,,,,WG,#N/A
,,,,WHA,#N/A
,,,,WHABT,#N/A
,,,,WHART,#N/A
,,,,WHAUP,#N/A
,,,,WICE,#N/A
,,,,WIIK,#N/A
,,,,WIN,#N/A
,,,,WINNER,#N/A
,,,,WORK,#N/A
,,,,WP,#N/A
,,,,WPH,#N/A
,,,,XO,#N/A
,,,,YUASA,#N/A
,,,,ZIGA,#N/A
,,,,ZMICO,#N/A
,,,,U-P,#N/A
,,,,AAV01C1902A,#N/A
,,,,AAV01C1902B,#N/A
,,,,AAV01P1902A,#N/A
,,,,AAV06C1904A,#N/A
,,,,AAV08C1903A,#N/A
,,,,AAV11C1910A,#N/A
,,,,AAV13C1901A,#N/A
,,,,AAV19C1902A,#N/A
,,,,AAV24C1903A,#N/A
,,,,AAV28C1902A,#N/A
,,,,ADVA01C1902A,#N/A
,,,,ADVA01C1902B,#N/A
,,,,ADVA01C1905A,#N/A
,,,,ADVA01C1905B,#N/A
,,,,ADVA01P1902A,#N/A
,,,,ADVA01P1902B,#N/A
,,,,ADVA01P1905A,#N/A
,,,,ADVA06C1903A,#N/A
,,,,ADVA11C1905A,#N/A
,,,,ADVA11C1910A,#N/A
,,,,ADVA11P1905A,#N/A
,,,,ADVA11P1910A,#N/A
,,,,ADVA13C1901A,#N/A
,,,,ADVA13C1904A,#N/A
,,,,ADVA13C1905A,#N/A
,,,,ADVA13P1904A,#N/A
,,,,ADVA19C1901A,#N/A
,,,,ADVA19C1905A,#N/A
,,,,ADVA19P1904A,#N/A
,,,,ADVA24C1907A,#N/A
,,,,ADVA24P1908A,#N/A
,,,,ADVA28C1904A,#N/A
,,,,ADVA28C1904B,#N/A
,,,,ADVA28C1905A,#N/A
,,,,ADVA41C1905A,#N/A
,,,,AMAT01C1903A,#N/A
,,,,AMAT01C1903B,#N/A
,,,,AMAT01P1903A,#N/A
,,,,AMAT06C1903A,#N/A
,,,,AMAT08C1903A,#N/A
,,,,AMAT13C1902A,#N/A
,,,,AMAT13C1905A,#N/A
,,,,AMAT19C1902A,#N/A
,,,,AMAT23C1906A,#N/A
,,,,AMAT28C1902A,#N/A
,,,,ANAN08C1906A,#N/A
,,,,AOT01C1902A,#N/A
,,,,AOT01C1902B,#N/A
,,,,AOT01C1904A,#N/A
,,,,AOT01C1904B,#N/A
,,,,AOT01P1902A,#N/A
,,,,AOT01P1902B,#N/A
,,,,AOT01P1904A,#N/A
,,,,AOT01P1904B,#N/A
,,,,AOT06C1903A,#N/A
,,,,AOT06P1903A,#N/A
,,,,AOT08C1904A,#N/A
,,,,AOT08P1903A,#N/A
,,,,AOT11C1906A,#N/A
,,,,AOT13C1902A,#N/A
,,,,AOT13C1904A,#N/A
,,,,AOT13P1902A,#N/A
,,,,AOT13P1905A,#N/A
,,,,AOT16C1912A,#N/A
,,,,AOT19C1901A,#N/A
,,,,AOT23C1906A,#N/A
,,,,AOT24P1903A,#N/A
,,,,AOT27C1902A,#N/A
,,,,AOT27P1903A,#N/A
,,,,AOT28C1905A,#N/A
,,,,AOT42C1903A,#N/A
,,,,AP01C1903A,#N/A
,,,,AP19C1906A,#N/A
,,,,AP42P1901A,#N/A
,,,,BA11C1902A,#N/A
,,,,BANP01C1903A,#N/A
,,,,BANP01C1903B,#N/A
,,,,BANP01C1905A,#N/A
,,,,BANP01C1905B,#N/A
,,,,BANP01P1903A,#N/A
,,,,BANP01P1903B,#N/A
,,,,BANP01P1905A,#N/A
,,,,BANP07C1904A,#N/A
,,,,BANP08C1904A,#N/A
,,,,BANP08P1901A,#N/A
,,,,BANP11C1902A,#N/A
,,,,BANP11C1909A,#N/A
,,,,BANP13C1902A,#N/A
,,,,BANP13C1904A,#N/A
,,,,BANP16C1912A,#N/A
,,,,BANP19C1906A,#N/A
,,,,BANP23C1906A,#N/A
,,,,BANP24C1907A,#N/A
,,,,BANP27C1904A,#N/A
,,,,BANP28C1905A,#N/A
,,,,BANP42P1903A,#N/A
,,,,BBL06C1902A,#N/A
,,,,BBL08C1902A,#N/A
,,,,BBL08P1904A,#N/A
,,,,BBL11C1903A,#N/A
,,,,BBL11P1903A,#N/A
,,,,BBL13C1901A,#N/A
,,,,BBL13C1905A,#N/A
,,,,BBL19C1901A,#N/A
,,,,BBL19P1904A,#N/A
,,,,BBL23C1906A,#N/A
,,,,BBL24P1904A,#N/A
,,,,BBL27P1904A,#N/A
,,,,BBL28C1904A,#N/A
,,,,BCH01C1902A,#N/A
,,,,BCH01C1902B,#N/A
,,,,BCH01P1902A,#N/A
,,,,BCH06C1903A,#N/A
,,,,BCH08C1901A,#N/A
,,,,BCH11C1905A,#N/A
,,,,BCH13C1905A,#N/A
,,,,BCH19C1903A,#N/A
,,,,BCH24C1904A,#N/A
,,,,BCH27C1902A,#N/A
,,,,BCH28C1904A,#N/A
,,,,BCH28C1905A,#N/A
,,,,BCP01C1903A,#N/A
,,,,BCP01C1903B,#N/A
,,,,BCP01P1903A,#N/A
,,,,BCP11C1909A,#N/A
,,,,BCP13C1902A,#N/A
,,,,BCP19C1906A,#N/A
,,,,BCP28C1904A,#N/A
,,,,BCPG01C1904A,#N/A
,,,,BCPG01C1904B,#N/A
,,,,BCPG06C1903A,#N/A
,,,,BCPG08C1904B,#N/A
,,,,BCPG11C1902A,#N/A
,,,,BCPG11C1910A,#N/A
,,,,BCPG13C1905A,#N/A
,,,,BCPG19C1906A,#N/A
,,,,BCPG28C1904A,#N/A
,,,,BDMS01C1905A,#N/A
,,,,BDMS01C1905B,#N/A
,,,,BDMS01P1905A,#N/A
,,,,BDMS06C1903A,#N/A
,,,,BDMS08C1901A,#N/A
,,,,BDMS08C1905A,#N/A
,,,,BDMS13C1903A,#N/A
,,,,BDMS16C1912A,#N/A
,,,,BDMS19C1901A,#N/A
,,,,BDMS19C1905A,#N/A
,,,,BDMS23C1906A,#N/A
,,,,BDMS42P1904A,#N/A
,,,,BEAU01C1901A,#N/A
,,,,BEAU01C1901B,#N/A
,,,,BEAU01C1902A,#N/A
,,,,BEAU01C1902B,#N/A
,,,,BEAU01P1902A,#N/A
,,,,BEAU06C1904A,#N/A
,,,,BEAU08C1902A,#N/A
,,,,BEAU11C1902A,#N/A
,,,,BEAU13C1901A,#N/A
,,,,BEAU13C1904A,#N/A
,,,,BEAU13C1904B,#N/A
,,,,BEAU19C1901A,#N/A
,,,,BEAU19C1902A,#N/A
,,,,BEAU19C1906A,#N/A
,,,,BEAU23C1906A,#N/A
,,,,BEAU24C1903A,#N/A
,,,,BEAU24C1904A,#N/A
,,,,BEAU28C1904A,#N/A
,,,,BEAU41C1907A,#N/A
,,,,BEM01C1902A,#N/A
,,,,BEM01C1902B,#N/A
,,,,BEM01P1902A,#N/A
,,,,BEM08C1903A,#N/A
,,,,BEM11C1903A,#N/A
,,,,BEM13C1901A,#N/A
,,,,BEM13C1905A,#N/A
,,,,BEM13C1905B,#N/A
,,,,BEM19C1901A,#N/A
,,,,BEM23C1901A,#N/A
,,,,BEM24C1902A,#N/A
,,,,BEM27P1905A,#N/A
,,,,BEM28C1905A,#N/A
,,,,BEM42C1904A,#N/A
,,,,BEM42P1904A,#N/A
,,,,BGRI01C1901A,#N/A
,,,,BGRI01C1901B,#N/A
,,,,BGRI01C1903A,#N/A
,,,,BGRI01C1903B,#N/A
,,,,BGRI06C1903A,#N/A
,,,,BGRI08C1902A,#N/A
,,,,BGRI08C1904A,#N/A
,,,,BGRI11C1909A,#N/A
,,,,BGRI13C1904A,#N/A
,,,,BGRI19C1901A,#N/A
,,,,BGRI19C1903A,#N/A
,,,,BGRI24C1901A,#N/A
,,,,BGRI27C1905A,#N/A
,,,,BGRI28C1905A,#N/A
,,,,BH01C1905A,#N/A
,,,,BH01C1905B,#N/A
,,,,BH01P1905A,#N/A
,,,,BH08C1902A,#N/A
,,,,BH11C1905A,#N/A
,,,,BH13C1901A,#N/A
,,,,BH13C1906A,#N/A
,,,,BH19C1901A,#N/A
,,,,BH27C1905A,#N/A
,,,,BIG08C1906A,#N/A
,,,,BJC01C1906A,#N/A
,,,,BJC01C1906B,#N/A
,,,,BJC01P1906A,#N/A
,,,,BJC06C1903A,#N/A
,,,,BJC08C1903A,#N/A
,,,,BJC11C1905A,#N/A
,,,,BJC13C1902A,#N/A
,,,,BJC13C1903A,#N/A
,,,,BJC13C1906A,#N/A
,,,,BJC19C1902A,#N/A
,,,,BJC27C1905A,#N/A
,,,,BJC28C1904A,#N/A
,,,,BLA13C1902A,#N/A
,,,,BLA13C1908A,#N/A
,,,,BLA19C1903A,#N/A
,,,,BLA19C1906A,#N/A
,,,,BLA28C1906A,#N/A
,,,,BLAN01C1903A,#N/A
,,,,BLAN01P1903A,#N/A
,,,,BLAN11C1902A,#N/A
,,,,BLAN19C1906A,#N/A
,,,,BPP01C1903A,#N/A
,,,,BPP01P1903A,#N/A
,,,,BPP11C1910A,#N/A
,,,,BPP13C1901A,#N/A
,,,,BPP19C1903A,#N/A
,,,,BPP19C1903B,#N/A
,,,,BPP28C1904A,#N/A
,,,,BTS01C1903A,#N/A
,,,,BTS01C1903B,#N/A
,,,,BTS01P1903A,#N/A
,,,,BTS11C1910A,#N/A
,,,,BTS19C1901A,#N/A
,,,,BTS23C1905A,#N/A
,,,,BTS28C1902A,#N/A
,,,,BTS28C1905A,#N/A
,,,,BTS42P1901A,#N/A
,,,,CBG01C1902A,#N/A
,,,,CBG01C1902B,#N/A
,,,,CBG01P1905A,#N/A
,,,,CBG06C1903A,#N/A
,,,,CBG06P1903A,#N/A
,,,,CBG11C1902A,#N/A
,,,,CBG13C1905A,#N/A
,,,,CBG16C1912A,#N/A
,,,,CBG19C1906A,#N/A
,,,,CBG28C1906A,#N/A
,,,,CENT01C1903A,#N/A
,,,,CENT01C1903B,#N/A
,,,,CENT01P1903A,#N/A
,,,,CENT06C1904A,#N/A
,,,,CENT11C1904A,#N/A
,,,,CENT11C1909A,#N/A
,,,,CENT13C1902A,#N/A
,,,,CENT19C1901A,#N/A
,,,,CENT19C1904A,#N/A
,,,,CENT27C1905A,#N/A
,,,,CHG01C1903A,#N/A
,,,,CHG01C1903B,#N/A
,,,,CHG01P1903A,#N/A
,,,,CHG13C1904A,#N/A
,,,,CHG19C1906A,#N/A
,,,,CHG24C1911A,#N/A
,,,,CHG27C1905A,#N/A
,,,,CHG28C1904A,#N/A
,,,,CK01C1902A,#N/A
,,,,CK01C1902B,#N/A
,,,,CK01P1902A,#N/A
,,,,CK19C1903A,#N/A
,,,,CK24C1904A,#N/A
,,,,CKP01C1906A,#N/A
,,,,CKP01C1906B,#N/A
,,,,CKP08C1903A,#N/A
,,,,CKP08C1903B,#N/A
,,,,CKP11C1910A,#N/A
,,,,CKP13C1903A,#N/A
,,,,CKP13C1903B,#N/A
,,,,CKP19C1902A,#N/A
,,,,CKP19C1903A,#N/A
,,,,CKP24C1906A,#N/A
,,,,CKP27C1905A,#N/A
,,,,CKP28C1903A,#N/A
,,,,COM708C1903A,#N/A
,,,,COM711C1909A,#N/A
,,,,COM713C1904A,#N/A
,,,,COM719C1904A,#N/A
,,,,COM723C1901A,#N/A
,,,,COM727C1902A,#N/A
,,,,COM728C1903A,#N/A
,,,,CPAL01C1901A,#N/A
,,,,CPAL01C1901B,#N/A
,,,,CPAL01C1904A,#N/A
,,,,CPAL01C1904B,#N/A
,,,,CPAL01P1901A,#N/A
,,,,CPAL01P1901B,#N/A
,,,,CPAL01P1904A,#N/A
,,,,CPAL01P1904B,#N/A
,,,,CPAL06C1903A,#N/A
,,,,CPAL07C1902A,#N/A
,,,,CPAL08C1902A,#N/A
,,,,CPAL08C1902B,#N/A
,,,,CPAL08P1904A,#N/A
,,,,CPAL11C1909A,#N/A
,,,,CPAL11P1903A,#N/A
,,,,CPAL13C1901A,#N/A
,,,,CPAL13C1903A,#N/A
,,,,CPAL13P1902A,#N/A
,,,,CPAL16C1912A,#N/A
,,,,CPAL19C1902A,#N/A
,,,,CPAL19P1903A,#N/A
,,,,CPAL23C1906A,#N/A
,,,,CPAL24C1903A,#N/A
,,,,CPAL24C1904A,#N/A
,,,,CPAL27C1903A,#N/A
,,,,CPAL27P1905A,#N/A
,,,,CPAL28C1904A,#N/A
,,,,CPAL42C1904A,#N/A
,,,,CPAL42P1904A,#N/A
,,,,CPF01C1902A,#N/A
,,,,CPF01P1902A,#N/A
,,,,CPF01P1902B,#N/A
,,,,CPF08C1904A,#N/A
,,,,CPF11C1910A,#N/A
,,,,CPF11P1902A,#N/A
,,,,CPF13C1903A,#N/A
,,,,CPF13C1905A,#N/A
,,,,CPF19C1901A,#N/A
,,,,CPF19C1904A,#N/A
,,,,CPF24C1904A,#N/A
,,,,CPN01C1902A,#N/A
,,,,CPN01C1902B,#N/A
,,,,CPN01P1902A,#N/A
,,,,CPN06C1903A,#N/A
,,,,CPN08C1903A,#N/A
,,,,CPN11C1903A,#N/A
,,,,CPN11C1910A,#N/A
,,,,CPN11P1903A,#N/A
,,,,CPN13C1903A,#N/A
,,,,CPN19C1901A,#N/A
,,,,CPN27C1903A,#N/A
,,,,CPN28C1902A,#N/A
,,,,CPN28C1904A,#N/A
,,,,DTAC01C1902A,#N/A
,,,,DTAC01C1902B,#N/A
,,,,DTAC01C1905A,#N/A
,,,,DTAC01C1905B,#N/A
,,,,DTAC01P1902A,#N/A
,,,,DTAC01P1902B,#N/A
,,,,DTAC01P1905A,#N/A
,,,,DTAC06C1903A,#N/A
,,,,DTAC06P1903A,#N/A
,,,,DTAC08C1903A,#N/A
,,,,DTAC11C1904A,#N/A
,,,,DTAC13C1902A,#N/A
,,,,DTAC13C1904A,#N/A
,,,,DTAC13P1903A,#N/A
,,,,DTAC19C1904A,#N/A
,,,,DTAC23C1906A,#N/A
,,,,DTAC27C1903A,#N/A
,,,,DTAC27P1903A,#N/A
,,,,DTAC28C1902A,#N/A
,,,,DTAC28C1905A,#N/A
,,,,DTAC42C1903A,#N/A
,,,,EA07C1903A,#N/A
,,,,EA08C1903A,#N/A
,,,,EA08C1903B,#N/A
,,,,EA11C1902A,#N/A
,,,,EA13C1901A,#N/A
,,,,EA13C1903A,#N/A
,,,,EA13C1905A,#N/A
,,,,EA19C1902A,#N/A
,,,,EA23C1901A,#N/A
,,,,EA27C1902A,#N/A
,,,,EA28C1905A,#N/A
,,,,EGCO01C1903A,#N/A
,,,,EGCO01C1903B,#N/A
,,,,EGCO19C1901A,#N/A
,,,,EPG01C1903A,#N/A
,,,,EPG01C1903B,#N/A
,,,,EPG01P1903A,#N/A
,,,,EPG11C1903A,#N/A
,,,,EPG13C1903A,#N/A
,,,,EPG13C1905A,#N/A
,,,,EPG19C1904A,#N/A
,,,,EPG28C1904A,#N/A
,,,,ERW19C1902A,#N/A
,,,,ERW19C1906A,#N/A
,,,,ERW24C1904A,#N/A
,,,,ESSO01C1906A,#N/A
,,,,ESSO01C1906B,#N/A
,,,,ESSO01P1906A,#N/A
,,,,ESSO11C1905A,#N/A
,,,,ESSO13C1903A,#N/A
,,,,ESSO13C1905A,#N/A
,,,,ESSO19C1906A,#N/A
,,,,GFPT08C1906A,#N/A
,,,,GFPT13C1902A,#N/A
,,,,GFPT19C1903A,#N/A
,,,,GGC13C1902A,#N/A
,,,,GGC13C1905A,#N/A
,,,,GGC13C1908A,#N/A
,,,,GGC19C1902A,#N/A
,,,,GGC19C1906A,#N/A
,,,,GGC28C1905A,#N/A
,,,,GGC28C1907A,#N/A
,,,,GLOB01C1903A,#N/A
,,,,GLOB01C1903B,#N/A
,,,,GLOB11C1906A,#N/A
,,,,GLOB13C1901A,#N/A
,,,,GLOB19C1901A,#N/A
,,,,GLOB23C1906A,#N/A
,,,,GLOB24C1906A,#N/A
,,,,GLOW13C1905A,#N/A
,,,,GLOW19C1901A,#N/A
,,,,GLOW19C1906A,#N/A
,,,,GPSC01C1902A,#N/A
,,,,GPSC01C1905A,#N/A
,,,,GPSC01C1905B,#N/A
,,,,GPSC01P1902A,#N/A
,,,,GPSC06C1903A,#N/A
,,,,GPSC11C1909A,#N/A
,,,,GPSC13C1903A,#N/A
,,,,GPSC13C1904A,#N/A
,,,,GPSC19C1905A,#N/A
,,,,GPSC24C1904B,#N/A
,,,,GPSC28C1903A,#N/A
,,,,GPSC28C1904A,#N/A
,,,,GUNK08C1902A,#N/A
,,,,GUNK13C1903A,#N/A
,,,,GUNK13C1905A,#N/A
,,,,GUNK19C1903A,#N/A
,,,,GUNK19C1906A,#N/A
,,,,GUNK27C1905A,#N/A
,,,,GUNK28C1903A,#N/A
,,,,HANA01C1905A,#N/A
,,,,HANA01C1905B,#N/A
,,,,HANA08C1903A,#N/A
,,,,HANA11C1904A,#N/A
,,,,HANA13C1901A,#N/A
,,,,HANA19C1906A,#N/A
,,,,HANA28C1904A,#N/A
,,,,HMPR01C1902A,#N/A
,,,,HMPR01C1902B,#N/A
,,,,HMPR01P1902A,#N/A
,,,,HMPR11C1906A,#N/A
,,,,HMPR13C1905A,#N/A
,,,,HMPR19C1901A,#N/A
,,,,HMPR27C1905A,#N/A
,,,,HMPR27P1905A,#N/A
,,,,HMPR28C1903A,#N/A
,,,,INTU01C1903A,#N/A
,,,,INTU01C1903B,#N/A
,,,,INTU01P1903A,#N/A
,,,,INTU01P1903B,#N/A
,,,,INTU11C1905A,#N/A
,,,,INTU11P1905A,#N/A
,,,,INTU13C1904A,#N/A
,,,,INTU19C1906A,#N/A
,,,,INTU24C1909A,#N/A
,,,,INTU28C1904A,#N/A
,,,,INTU28C1905A,#N/A
,,,,INTU42P1904A,#N/A
,,,,IRPC01C1903A,#N/A
,,,,IRPC01C1903B,#N/A
,,,,IRPC01C1906A,#N/A
,,,,IRPC01C1906B,#N/A
,,,,IRPC01P1903A,#N/A
,,,,IRPC01P1903B,#N/A
,,,,IRPC06C1903A,#N/A
,,,,IRPC08C1902A,#N/A
,,,,IRPC11C1905A,#N/A
,,,,IRPC13C1903A,#N/A
,,,,IRPC19C1901A,#N/A
,,,,IRPC19C1905A,#N/A
,,,,IRPC24C1904A,#N/A
,,,,IRPC27C1903A,#N/A
,,,,IRPC27P1905A,#N/A
,,,,IRPC28C1904A,#N/A
,,,,ITD13C1908A,#N/A
,,,,ITD19C1903A,#N/A
,,,,ITD19C1906A,#N/A
,,,,ITD28C1907A,#N/A
,,,,IVL01C1903A,#N/A
,,,,IVL01C1903B,#N/A
,,,,IVL01C1905A,#N/A
,,,,IVL01C1905B,#N/A
,,,,IVL01P1903A,#N/A
,,,,IVL01P1903B,#N/A
,,,,IVL01P1905A,#N/A
,,,,IVL06C1903A,#N/A
,,,,IVL08C1901A,#N/A
,,,,IVL08C1905A,#N/A
,,,,IVL08P1903A,#N/A
,,,,IVL11C1906A,#N/A
,,,,IVL13C1903A,#N/A
,,,,IVL13C1904A,#N/A
,,,,IVL13P1902A,#N/A
,,,,IVL13P1903A,#N/A
,,,,IVL19C1903A,#N/A
,,,,IVL19P1903A,#N/A
,,,,IVL23C1906A,#N/A
,,,,IVL27C1902A,#N/A
,,,,IVL28C1902A,#N/A
,,,,IVL28C1903A,#N/A
,,,,IVL28P1904A,#N/A
,,,,IVL42C1903A,#N/A
,,,,KBAN01C1901A,#N/A
,,,,KBAN01C1901B,#N/A
,,,,KBAN01C1904A,#N/A
,,,,KBAN01C1904B,#N/A
,,,,KBAN01P1901A,#N/A
,,,,KBAN01P1901B,#N/A
,,,,KBAN01P1904A,#N/A
,,,,KBAN01P1904B,#N/A
,,,,KBAN06C1903A,#N/A
,,,,KBAN07C1908A,#N/A
,,,,KBAN08C1903A,#N/A
,,,,KBAN13C1901A,#N/A
,,,,KBAN13C1904A,#N/A
,,,,KBAN13C1904B,#N/A
,,,,KBAN13P1905A,#N/A
,,,,KBAN19C1906A,#N/A
,,,,KBAN19P1904A,#N/A
,,,,KBAN24C1908A,#N/A
,,,,KBAN24P1907A,#N/A
,,,,KBAN28C1904A,#N/A
,,,,KBAN28C1905A,#N/A
,,,,KBAN28P1904A,#N/A
,,,,KCE01C1903A,#N/A
,,,,KCE01C1903B,#N/A
,,,,KCE01C1906A,#N/A
,,,,KCE01C1906B,#N/A
,,,,KCE08C1905A,#N/A
,,,,KCE11C1904A,#N/A
,,,,KCE13C1903A,#N/A
,,,,KCE13C1904A,#N/A
,,,,KCE13C1905A,#N/A
,,,,KCE19C1901A,#N/A
,,,,KCE19C1906A,#N/A
,,,,KCE28C1905A,#N/A
,,,,KKP01C1902A,#N/A
,,,,KKP01C1902B,#N/A
,,,,KKP08C1904A,#N/A
,,,,KKP13C1903A,#N/A
,,,,KKP19C1901A,#N/A
,,,,KKP19C1906A,#N/A
,,,,KKP24C1906A,#N/A
,,,,KKP28C1905A,#N/A
,,,,KTB01C1903A,#N/A
,,,,KTB01C1903B,#N/A
,,,,KTB01P1903A,#N/A
,,,,KTB01P1903B,#N/A
,,,,KTB06C1902A,#N/A
,,,,KTB08C1903A,#N/A
,,,,KTB11C1909A,#N/A
,,,,KTB13C1903A,#N/A
,,,,KTB19C1901A,#N/A
,,,,KTB23C1906A,#N/A
,,,,KTB27C1905A,#N/A
,,,,KTB28C1903A,#N/A
,,,,KTB42C1903A,#N/A
,,,,KTB42P1903A,#N/A
,,,,KTC01C1901A,#N/A
,,,,KTC01C1901B,#N/A
,,,,KTC08C1903A,#N/A
,,,,KTC11C1902A,#N/A
,,,,KTC13C1903A,#N/A
,,,,KTC13C1906A,#N/A
,,,,KTC19C1901A,#N/A
,,,,KTC19C1903A,#N/A
,,,,KTC19P1903A,#N/A
,,,,KTC27C1903A,#N/A
,,,,KTC27P1903A,#N/A
,,,,KTC27P1905A,#N/A
,,,,KTC28C1901A,#N/A
,,,,KTC28C1905A,#N/A
,,,,LH01C1903A,#N/A
,,,,LH01P1903A,#N/A
,,,,LH13C1902A,#N/A
,,,,LH19C1906A,#N/A
,,,,LH27C1905A,#N/A
,,,,LH27P1905A,#N/A
,,,,LPN01C1905A,#N/A
,,,,LPN01C1905B,#N/A
,,,,LPN08C1906A,#N/A
,,,,LPN08C1908A,#N/A
,,,,LPN13C1903A,#N/A
,,,,LPN13C1908A,#N/A
,,,,LPN19C1904A,#N/A
,,,,LPN19C1906A,#N/A
,,,,LPN28C1907A,#N/A
,,,,MAJO19C1904A,#N/A
,,,,MEGA01C1904A,#N/A
,,,,MEGA01C1904B,#N/A
,,,,MEGA08C1903A,#N/A
,,,,MEGA11C1910A,#N/A
,,,,MEGA19C1906A,#N/A
,,,,MINT01C1901A,#N/A
,,,,MINT01C1901B,#N/A
,,,,MINT01P1901A,#N/A
,,,,MINT11C1902A,#N/A
,,,,MINT11C1910A,#N/A
,,,,MINT13C1904A,#N/A
,,,,MINT19C1901A,#N/A
,,,,MINT27P1905A,#N/A
,,,,MINT28C1904A,#N/A
,,,,MINT42C1904A,#N/A
,,,,MINT42P1904A,#N/A
,,,,MONO08C1906A,#N/A
,,,,MTC06C1901A,#N/A
,,,,MTC06C1903A,#N/A
,,,,MTC08C1902A,#N/A
,,,,MTC08C1904A,#N/A
,,,,MTC11C1904A,#N/A
,,,,MTC13C1903A,#N/A
,,,,MTC19C1901A,#N/A
,,,,MTC19C1903A,#N/A
,,,,MTC23C1906A,#N/A
,,,,MTC24C1912A,#N/A
,,,,MTC28C1902A,#N/A
,,,,MTC28C1903A,#N/A
,,,,ORI08C1904A,#N/A
,,,,ORI11C1909A,#N/A
,,,,ORI13C1904A,#N/A
,,,,ORI13C1904B,#N/A
,,,,ORI19C1904A,#N/A
,,,,ORI19C1905A,#N/A
,,,,ORI28C1904A,#N/A
,,,,ORI28C1904B,#N/A
,,,,PRM13C1904A,#N/A
,,,,PRM19C1906A,#N/A
,,,,PSH08C1904A,#N/A
,,,,PSH19C1903A,#N/A
,,,,PSL11C1905A,#N/A
,,,,PSL19C1903A,#N/A
,,,,PTG01C1902A,#N/A
,,,,PTG01C1905A,#N/A
,,,,PTG01C1905B,#N/A
,,,,PTG01P1902A,#N/A
,,,,PTG11C1906A,#N/A
,,,,PTG13C1901A,#N/A
,,,,PTG13C1904A,#N/A
,,,,PTG19C1902A,#N/A
,,,,PTG19C1902B,#N/A
,,,,PTG19C1905A,#N/A
,,,,PTG19P1903A,#N/A
,,,,PTG24C1905A,#N/A
,,,,PTG28C1901A,#N/A
,,,,PTG28C1904A,#N/A
,,,,PTT01C1901A,#N/A
,,,,PTT01C1901B,#N/A
,,,,PTT01C1904A,#N/A
,,,,PTT01C1904B,#N/A
,,,,PTT01P1901A,#N/A
,,,,PTT01P1901B,#N/A
,,,,PTT01P1904A,#N/A
,,,,PTT01P1904B,#N/A
,,,,PTT06C1901A,#N/A
,,,,PTT06C1903A,#N/A
,,,,PTT06P1901A,#N/A
,,,,PTT06P1903A,#N/A
,,,,PTT08P1904A,#N/A
,,,,PTT11C1902A,#N/A
,,,,PTT11C1909A,#N/A
,,,,PTT13C1903A,#N/A
,,,,PTT13C1906A,#N/A
,,,,PTT13P1902A,#N/A
,,,,PTT16C1912A,#N/A
,,,,PTT19C1901A,#N/A
,,,,PTT19C1906A,#N/A
,,,,PTT19P1903A,#N/A
,,,,PTT23C1906A,#N/A
,,,,PTT24C1904A,#N/A
,,,,PTT24P1904A,#N/A
,,,,PTT27C1903A,#N/A
,,,,PTT27P1903A,#N/A
,,,,PTT28C1904A,#N/A
,,,,PTT28P1903A,#N/A
,,,,PTTE01C1901A,#N/A
,,,,PTTE01C1901B,#N/A
,,,,PTTE01C1904A,#N/A
,,,,PTTE01C1904B,#N/A
,,,,PTTE01P1901A,#N/A
,,,,PTTE01P1901B,#N/A
,,,,PTTE01P1904A,#N/A
,,,,PTTE01P1904B,#N/A
,,,,PTTE06C1903A,#N/A
,,,,PTTE07C1904A,#N/A
,,,,PTTE08C1904A,#N/A
,,,,PTTE08C1906A,#N/A
,,,,PTTE08P1904A,#N/A
,,,,PTTE11C1902A,#N/A
,,,,PTTE11C1910A,#N/A
,,,,PTTE13C1902A,#N/A
,,,,PTTE13C1904A,#N/A
,,,,PTTE13C1905A,#N/A
,,,,PTTE13P1901A,#N/A
,,,,PTTE13P1905A,#N/A
,,,,PTTE19C1903A,#N/A
,,,,PTTE19C1906A,#N/A
,,,,PTTE19P1903A,#N/A
,,,,PTTE23C1906A,#N/A
,,,,PTTE24C1904A,#N/A
,,,,PTTE24P1901A,#N/A
,,,,PTTE24P1904A,#N/A
,,,,PTTE28C1902A,#N/A
,,,,PTTE28C1905A,#N/A
,,,,PTTE28P1903A,#N/A
,,,,PTTE41C1905A,#N/A
,,,,PTTG01C1901A,#N/A
,,,,PTTG01C1901B,#N/A
,,,,PTTG01C1904A,#N/A
,,,,PTTG01C1904B,#N/A
,,,,PTTG01P1901A,#N/A
,,,,PTTG01P1901B,#N/A
,,,,PTTG01P1904A,#N/A
,,,,PTTG01P1904B,#N/A
,,,,PTTG06C1903A,#N/A
,,,,PTTG06P1903A,#N/A
,,,,PTTG07C1908A,#N/A
,,,,PTTG08C1902A,#N/A
,,,,PTTG08P1904A,#N/A
,,,,PTTG11C1902A,#N/A
,,,,PTTG11C1909A,#N/A
,,,,PTTG13C1904A,#N/A
,,,,PTTG19C1902A,#N/A
,,,,PTTG23C1906A,#N/A
,,,,PTTG24C1904A,#N/A
,,,,PTTG27C1903A,#N/A
,,,,PTTG27P1903A,#N/A
,,,,PTTG28C1904A,#N/A
,,,,PTTG42C1904A,#N/A
,,,,PTTG42P1904A,#N/A
,,,,QH01C1903A,#N/A
,,,,QH01P1903A,#N/A
,,,,QH11C1910A,#N/A
,,,,QH13C1904A,#N/A
,,,,QH19C1904A,#N/A
,,,,QH27P1905A,#N/A
,,,,RATC19C1901A,#N/A
,,,,ROBI01C1903A,#N/A
,,,,ROBI01C1903B,#N/A
,,,,ROBI06C1903A,#N/A
,,,,ROBI08C1903A,#N/A
,,,,ROBI11C1906A,#N/A
,,,,ROBI13C1902A,#N/A
,,,,ROBI19C1901A,#N/A
,,,,RS08C1901A,#N/A
,,,,RS13C1901A,#N/A
,,,,RS13C1905A,#N/A
,,,,RS19C1906A,#N/A
,,,,RS27C1905A,#N/A
,,,,S10001C1911A,#N/A
,,,,S5001C1901A,#N/A
,,,,S5001C1901B,#N/A
,,,,S5001C1902A,#N/A
,,,,S5001C1902B,#N/A
,,,,S5001C1903F,#N/A
,,,,S5001P1901A,#N/A
,,,,S5001P1901B,#N/A
,,,,S5001P1902A,#N/A
,,,,S5001P1902B,#N/A
,,,,S5001P1903F,#N/A
,,,,S5006C1903A,#N/A
,,,,S5006C1903B,#N/A
,,,,S5006C1903C,#N/A
,,,,S5006C1903D,#N/A
,,,,S5006P1903A,#N/A
,,,,S5006P1903B,#N/A
,,,,S5006P1903C,#N/A
,,,,S5006P1903D,#N/A
,,,,S5008C1903A,#N/A
,,,,S5008P1903A,#N/A
,,,,S5013C1903A,#N/A
,,,,S5013C1903B,#N/A
,,,,S5013C1903C,#N/A
,,,,S5013P1903A,#N/A
,,,,S5013P1903B,#N/A
,,,,S5013P1903C,#N/A
,,,,S5028C1901A,#N/A
,,,,S5028C1903A,#N/A
,,,,S5028C1903B,#N/A
,,,,S5028P1901A,#N/A
,,,,S5028P1903A,#N/A
,,,,S5028P1903B,#N/A
,,,,SAWA01C1901A,#N/A
,,,,SAWA01C1901B,#N/A
,,,,SAWA01P1901A,#N/A
,,,,SAWA06C1903A,#N/A
,,,,SAWA08C1902A,#N/A
,,,,SAWA08C1903A,#N/A
,,,,SAWA11C1906A,#N/A
,,,,SAWA13C1901A,#N/A
,,,,SAWA13C1903A,#N/A
,,,,SAWA13C1904A,#N/A
,,,,SAWA19C1901A,#N/A
,,,,SAWA19C1903A,#N/A
,,,,SAWA24C1902A,#N/A
,,,,SAWA24C1910A,#N/A
,,,,SAWA28C1902A,#N/A
,,,,SAWA28C1905A,#N/A
,,,,SCB01C1902A,#N/A
,,,,SCB01C1902B,#N/A
,,,,SCB01C1904A,#N/A
,,,,SCB01C1904B,#N/A
,,,,SCB01P1902A,#N/A
,,,,SCB01P1904A,#N/A
,,,,SCB01P1904B,#N/A
,,,,SCB06C1903A,#N/A
,,,,SCB08C1901A,#N/A
,,,,SCB11C1901A,#N/A
,,,,SCB11C1910A,#N/A
,,,,SCB11P1901A,#N/A
,,,,SCB11P1910A,#N/A
,,,,SCB13C1905A,#N/A
,,,,SCB13P1905A,#N/A
,,,,SCB19C1905A,#N/A
,,,,SCB27C1902A,#N/A
,,,,SCB27P1903A,#N/A
,,,,SCB28C1904A,#N/A
,,,,SCB42C1903A,#N/A
,,,,SCC01C1901A,#N/A
,,,,SCC01C1901B,#N/A
,,,,SCC01P1901A,#N/A
,,,,SCC08C1902A,#N/A
,,,,SCC11C1906A,#N/A
,,,,SCC13C1901A,#N/A
,,,,SCC13C1903A,#N/A
,,,,SCC13C1906A,#N/A
,,,,SCC19C1901A,#N/A
,,,,SCC27C1904A,#N/A
,,,,SCC27P1904A,#N/A
,,,,SCC28C1905A,#N/A
,,,,SGP06C1903A,#N/A
,,,,SGP13C1905A,#N/A
,,,,SGP19C1905A,#N/A
,,,,SGP28C1904A,#N/A
,,,,SIRI01C1901B,#N/A
,,,,SIRI01P1901A,#N/A
,,,,SIRI19C1906A,#N/A
,,,,SIRI28C1904A,#N/A
,,,,SPAL01C1902A,#N/A
,,,,SPAL11C1910A,#N/A
,,,,SPAL13C1904A,#N/A
,,,,SPAL19C1906A,#N/A
,,,,SPRC19C1905A,#N/A
,,,,STA01C1904A,#N/A
,,,,STA01C1904B,#N/A
,,,,STA08C1904A,#N/A
,,,,STA11C1909A,#N/A
,,,,STA13C1901A,#N/A
,,,,STA13C1902A,#N/A
,,,,STA19C1903A,#N/A
,,,,STA19C1903B,#N/A
,,,,STA24C1902A,#N/A
,,,,STA27C1904A,#N/A
,,,,STA28C1902A,#N/A
,,,,STA28C1903A,#N/A
,,,,STEC01C1902A,#N/A
,,,,STEC01C1902B,#N/A
,,,,STEC01P1902A,#N/A
,,,,STEC08C1903A,#N/A
,,,,STEC11C1903A,#N/A
,,,,STEC13C1902A,#N/A
,,,,STEC13C1903A,#N/A
,,,,STEC19C1901A,#N/A
,,,,STEC27C1902A,#N/A
,,,,STEC28C1902A,#N/A
,,,,STEC28C1903A,#N/A
,,,,SUPE13C1902A,#N/A
,,,,SUPE13C1903A,#N/A
,,,,SUPE19C1902A,#N/A
,,,,SUPE19C1906A,#N/A
,,,,TASC01C1903A,#N/A
,,,,TASC01C1903B,#N/A
,,,,TASC01P1903A,#N/A
,,,,TASC08C1903A,#N/A
,,,,TASC13C1901A,#N/A
,,,,TASC13C1904A,#N/A
,,,,TASC19C1902A,#N/A
,,,,TASC27C1905A,#N/A
,,,,TASC28C1902A,#N/A
,,,,TASC28C1904A,#N/A
,,,,TCAP01C1901A,#N/A
,,,,TCAP01C1901B,#N/A
,,,,TCAP01P1901A,#N/A
,,,,TCAP11C1909A,#N/A
,,,,TCAP13C1901A,#N/A
,,,,TCAP19C1901A,#N/A
,,,,THAI01C1901A,#N/A
,,,,THAI01P1901A,#N/A
,,,,THAI08C1903A,#N/A
,,,,THAI11C1906A,#N/A
,,,,THAI13C1902A,#N/A
,,,,THAI19C1905A,#N/A
,,,,THAI23C1901A,#N/A
,,,,THAI27C1905A,#N/A
,,,,THAN08C1904A,#N/A
,,,,THAN13C1902A,#N/A
,,,,THAN13C1905A,#N/A
,,,,THAN19C1903A,#N/A
,,,,TISC01C1902A,#N/A
,,,,TISC01C1902B,#N/A
,,,,TISC08C1903A,#N/A
,,,,TISC11C1910A,#N/A
,,,,TISC13C1904A,#N/A
,,,,TISC19C1901A,#N/A
,,,,TISC19C1906A,#N/A
,,,,TISC24C1904A,#N/A
,,,,TISC27C1905A,#N/A
,,,,TISC28C1901A,#N/A
,,,,TISC28C1905A,#N/A
,,,,TISC42C1904A,#N/A
,,,,TKN11C1902A,#N/A
,,,,TKN13C1903A,#N/A
,,,,TKN13C1904A,#N/A
,,,,TKN13C1904B,#N/A
,,,,TKN19C1905A,#N/A
,,,,TKN28C1906A,#N/A
,,,,TMB01C1903A,#N/A
,,,,TMB01C1903B,#N/A
,,,,TMB01P1903A,#N/A
,,,,TMB06C1903A,#N/A
,,,,TMB08C1903A,#N/A
,,,,TMB11C1904A,#N/A
,,,,TMB13C1904A,#N/A
,,,,TMB19C1906A,#N/A
,,,,TMB23C1906A,#N/A
,,,,TMB27C1903A,#N/A
,,,,TMB28C1904A,#N/A
,,,,TOA01C1901A,#N/A
,,,,TOA19C1906A,#N/A
,,,,TOA24C1904A,#N/A
,,,,TOA28C1904A,#N/A
,,,,TOP01C1901A,#N/A
,,,,TOP01C1901B,#N/A
,,,,TOP01C1904A,#N/A
,,,,TOP01C1904B,#N/A
,,,,TOP01P1901A,#N/A
,,,,TOP01P1904A,#N/A
,,,,TOP06C1903A,#N/A
,,,,TOP06C1903B,#N/A
,,,,TOP08C1902A,#N/A
,,,,TOP11C1905A,#N/A
,,,,TOP13C1901A,#N/A
,,,,TOP13C1904A,#N/A
,,,,TOP13C1905A,#N/A
,,,,TOP19C1906A,#N/A
,,,,TOP23C1906A,#N/A
,,,,TOP24C1905A,#N/A
,,,,TOP27C1903A,#N/A
,,,,TOP28C1904A,#N/A
,,,,TPI01C1906A,#N/A
,,,,TPI01C1906B,#N/A
,,,,TPIP11C1909A,#N/A
,,,,TPIP13C1904A,#N/A
,,,,TPIP13C1905A,#N/A
,,,,TPIP13C1908A,#N/A
,,,,TPIP19C1902A,#N/A
,,,,TPIP19C1906A,#N/A
,,,,TPIP28C1906A,#N/A
,,,,TRUE01C1902A,#N/A
,,,,TRUE01C1902B,#N/A
,,,,TRUE01C1905A,#N/A
,,,,TRUE01C1905B,#N/A
,,,,TRUE01P1902A,#N/A
,,,,TRUE01P1902B,#N/A
,,,,TRUE01P1905A,#N/A
,,,,TRUE06C1906A,#N/A
,,,,TRUE08C1902A,#N/A
,,,,TRUE08P1902A,#N/A
,,,,TRUE13C1905A,#N/A
,,,,TRUE13P1901A,#N/A
,,,,TRUE16C1912A,#N/A
,,,,TRUE19C1903A,#N/A
,,,,TRUE19P1903A,#N/A
,,,,TRUE23C1902A,#N/A
,,,,TRUE27C1904A,#N/A
,,,,TRUE28C1903A,#N/A
,,,,TRUE28C1905A,#N/A
,,,,TU01C1901A,#N/A
,,,,TU01C1901B,#N/A
,,,,TU01P1901A,#N/A
,,,,TU06C1902A,#N/A
,,,,TU11C1906A,#N/A
,,,,TU13C1902A,#N/A
,,,,TU19C1901A,#N/A
,,,,TU19C1906A,#N/A
,,,,TVO01C1903A,#N/A
,,,,TVO01C1903B,#N/A
,,,,TVO13C1904A,#N/A
,,,,TVO19C1906A,#N/A
,,,,UNIQ08C1906A,#N/A
,,,,UNIQ23C1901A,#N/A
,,,,UV01C1902A,#N/A
,,,,UV01C1902B,#N/A
,,,,UV13C1908A,#N/A
,,,,UV19C1906A,#N/A
,,,,UV24C1903A,#N/A
,,,,UV28C1906A,#N/A
,,,,VGI23C1905A,#N/A
,,,,VGI23C1911A,#N/A
,,,,WHA01C1906A,#N/A
,,,,WHA01C1906B,#N/A
,,,,WHA01P1906A,#N/A
,,,,WHA06C1903A,#N/A
,,,,WHA07C1906A,#N/A
,,,,WHA08C1904A,#N/A
,,,,WHA11C1903A,#N/A
,,,,WHA13C1905A,#N/A
,,,,WHA19C1901A,#N/A
,,,,WHA23C1906A,#N/A
,,,,WHA24C1902A,#N/A
,,,,WHA27P1905A,#N/A
,,,,WHA28C1903A,#N/A
,,,,WHAU13C1905A,#N/A
,,,,WHAU19C1902A,#N/A
,,,,WHAU27C1905A,#N/A
,,,,WORK01C1904A,#N/A
,,,,WORK13C1902A,#N/A
,,,,WORK13C1903A,#N/A
,,,,WORK13C1905A,#N/A
,,,,WORK19C1902A,#N/A
,,,,WORK19C1905A,#N/A
,,,,WORK24C1907A,#N/A
,,,,WORK28C1905A,#N/A
,,,,2S-W1,#N/A
,,,,7UP-W2,#N/A
,,,,ACAP-W2,#N/A
,,,,ACC-W1,#N/A
,,,,AIRA-W2,#N/A
,,,,AJA-W1,#N/A
,,,,ALT-W1,#N/A
,,,,APEX-W1,#N/A
,,,,APURE-W2,#N/A
,,,,AS-W1,#N/A
,,,,ATP30-W1,#N/A
,,,,AYUD-W1,#N/A
,,,,B-W4,#N/A
,,,,BKD-W2,#N/A
,,,,BM-W1,#N/A
,,,,BTS-W4,#N/A
,,,,BWG-W4,#N/A
,,,,CGD-W4,#N/A
,,,,CGH-W3,#N/A
,,,,CHEWA-W1,#N/A
,,,,CI-W1,#N/A
,,,,CKP-W1,#N/A
,,,,DCC-W1,#N/A
,,,,DIGI-W1,#N/A
,,,,DIGI-W2,#N/A
,,,,DIMET-W2,#N/A
,,,,ECF-W2,#N/A
,,,,ECF-W3,#N/A
,,,,EFORL-W3,#N/A
,,,,EMC-W6,#N/A
,,,,EVER-W3,#N/A
,,,,FC-W1,#N/A
,,,,FOCUS-W2,#N/A
,,,,FVC-W2,#N/A
,,,,IHL-W1,#N/A
,,,,ITD-W1,#N/A
,,,,ITEL-W1,#N/A
,,,,JAS-W3,#N/A
,,,,JKN-W1,#N/A
,,,,JMART-W2,#N/A
,,,,JMT-W2,#N/A
,,,,LIT-W1,#N/A
,,,,MACO-W2,#N/A
,,,,META-W3,#N/A
,,,,MILL-W3,#N/A
,,,,MILL-W4,#N/A
,,,,MILL-W5,#N/A
,,,,ML-W2,#N/A
,,,,MONO-W1,#N/A
,,,,NCL-W3,#N/A
,,,,NOK-W1,#N/A
,,,,NUSA-W3,#N/A
,,,,NVD-W1,#N/A
,,,,ORI-W1,#N/A
,,,,PACE-W2,#N/A
,,,,PDI-W1,#N/A
,,,,PDJ-W2,#N/A
,,,,PDJ-W3,#N/A
,,,,PDJ-W4,#N/A
,,,,PIMO-W1,#N/A
,,,,PSTC-W1,#N/A
,,,,RICHY-W1,#N/A
,,,,RICHY-W2,#N/A
,,,,RS-W3,#N/A
,,,,S-W1,#N/A
,,,,SAMART-W2,#N/A
,,,,SANKO-W1,#N/A
,,,,SAWAD-W1,#N/A
,,,,SDC-W1,#N/A
,,,,SIMAT-W2,#N/A
,,,,SIMAT-W3,#N/A
,,,,SIMAT-W4,#N/A
,,,,SKY-W1,#N/A
,,,,SMT-W1,#N/A
,,,,SMT-W2,#N/A
,,,,SPORT-W7,#N/A
,,,,SST-W2,#N/A
,,,,STAR-W3,#N/A
,,,,SUPER-W4,#N/A
,,,,SVI-W3,#N/A
,,,,TAKUNI-W,#N/A
,,,,TAPAC-W3,#N/A
,,,,TCC-W3,#N/A
,,,,TCC-W4,#N/A
,,,,TCC-W5,#N/A
,,,,TCJ-W2,#N/A
,,,,TCMC-W2,#N/A
,,,,TFG-W2,#N/A
,,,,TH-W2,#N/A
,,,,THE-W2,#N/A
,,,,TNPC-W1,#N/A
,,,,TRITN-W3,#N/A
,,,,TTA-W5,#N/A
,,,,TTCL-W1,#N/A
,,,,TVD-W2,#N/A
,,,,U-W1,#N/A
,,,,U-W4,#N/A
,,,,UAC-W2,#N/A
,,,,UKEM-W2,#N/A
,,,,UWC-W2,#N/A
,,,,VGI-W2,#N/A
,,,,VIBHA-W2,#N/A
,,,,VIBHA-W3,#N/A
,,,,WAVE-W1,#N/A
,,,,WHA-W1,#N/A
,,,,WORK-W1,#N/A
,,,,XO-W1,#N/A
,,,,!AGRO,#N/A
,,,,!CONSUMP,#N/A
,,,,!FINCIAL,#N/A
,,,,!INDUS,#N/A
,,,,!PROPCON,#N/A
,,,,!RESOURC,#N/A
,,,,!SERVICE,#N/A
,,,,!TECH,#N/A
,,,,$AGRI,#N/A
,,,,$AUTO,#N/A
,,,,$BANK,#N/A
,,,,$COMM,#N/A
,,,,$CONMAT,#N/A
,,,,$CONS,#N/A
,,,,$ENERG,#N/A
,,,,$ETRON,#N/A
,,,,$FASHION,#N/A
,,,,$FIN,#N/A
,,,,$FOOD,#N/A
,,,,$HELTH,#N/A
,,,,$HOME,#N/A
,,,,$ICT,#N/A
,,,,$IMM,#N/A
,,,,$INSUR,#N/A
,,,,$MEDIA,#N/A
,,,,$MINE,#N/A
,,,,$PAPER,#N/A
,,,,$PERSON,#N/A
,,,,$PETRO,#N/A
,,,,$PF&REIT,#N/A
,,,,$PKG,#N/A
,,,,$PROF,#N/A
,,,,$PROP,#N/A
,,,,$STEEL,#N/A
,,,,$TOURISM,#N/A
,,,,$TRANS,#N/A
,,,,MAI,#N/A
,,,,SET,#N/A
,,,,SET100,#N/A
,,,,SET50,#N/A
,,,,SETHD,#N/A
,,,,BBL-F,#N/A
,,,,BDMS-F,#N/A
,,,,BEM-F,#N/A
,,,,BTSGIF-F,#N/A
,,,,INTUCH-F,#N/A
,,,,IRPC-F,#N/A
,,,,KBANK-F,#N/A
,,,,LH-F,#N/A
,,,,MM-F,#N/A
,,,,AAVH19,#N/A
,,,,AAVM19,#N/A
,,,,ADVANCH19,#N/A
,,,,ADVANCM19,#N/A
,,,,ADVANCU19,#N/A
,,,,ADVANCZ19,#N/A
,,,,AMATAH19,#N/A
,,,,AMATAM19,#N/A
,,,,AMATAU19,#N/A
,,,,AOTH19,#N/A
,,,,AOTZ19,#N/A
,,,,APM19,#N/A
,,,,APU19,#N/A
,,,,BAH19,#N/A
,,,,BANPUH19,#N/A
,,,,BANPUM19,#N/A
,,,,BANPUU19,#N/A
,,,,BANPUZ19,#N/A
,,,,BAYH19,#N/A
,,,,BBLH19,#N/A
,,,,BBLU19,#N/A
,,,,BCHH19,#N/A
,,,,BCPH19,#N/A
,,,,BCPZ19,#N/A
,,,,BDMSH19,#N/A
,,,,BDMSM19,#N/A
,,,,BDMSU19,#N/A
,,,,BEAUTYH19,#N/A
,,,,BEAUTYM19,#N/A
,,,,BEAUTYU19,#N/A
,,,,BEAUTYZ19,#N/A
,,,,BECH19,#N/A
,,,,BEMH19,#N/A
,,,,BEMM19,#N/A
,,,,BHH19,#N/A
,,,,BJCH19,#N/A
,,,,BJCM19,#N/A
,,,,BLAH19,#N/A
,,,,BLAM19,#N/A
,,,,BLANDH19,#N/A
,,,,BLANDM19,#N/A
,,,,BLANDZ19,#N/A
,,,,BTSH19,#N/A
,,,,BTSM19,#N/A
,,,,CBGH19,#N/A
,,,,CBGM19,#N/A
,,,,CBGZ19,#N/A
,,,,CHGH19,#N/A
,,,,CHGU19,#N/A
,,,,CKH19,#N/A
,,,,CKM19,#N/A
,,,,CKPH19,#N/A
,,,,CPALLH19,#N/A
,,,,CPALLM19,#N/A
,,,,CPALLU19,#N/A
,,,,CPALLZ19,#N/A
,,,,CPFH19,#N/A
,,,,CPFM19,#N/A
,,,,CPNH19,#N/A
,,,,CPNM19,#N/A
,,,,DELTAH19,#N/A
,,,,DTACH19,#N/A
,,,,DTACM19,#N/A
,,,,EGCOH19X,#N/A
,,,,EPGH19,#N/A
,,,,GDH19,#N/A
,,,,GF10G19,#N/A
,,,,GF10J19,#N/A
,,,,GF10M19,#N/A
,,,,GF10V18,#N/A
,,,,GF10Z18,#N/A
,,,,GFG19,#N/A
,,,,GFJ19,#N/A
,,,,GFV18,#N/A
,,,,GFZ18,#N/A
,,,,GLOBALH19,#N/A
,,,,GLOBALZ19,#N/A
,,,,GLOWH19X,#N/A
,,,,GOH19,#N/A
,,,,GOZ18,#N/A
,,,,GPSCH19,#N/A
,,,,GUNKULH19,#N/A
,,,,HANAH19,#N/A
,,,,HMPROH19,#N/A
,,,,ICHIH19,#N/A
,,,,INTUCHH19,#N/A
,,,,INTUCHU19,#N/A
,,,,IRPCH19,#N/A
,,,,IRPCM19,#N/A
,,,,IRPCU19,#N/A
,,,,ITDH19,#N/A
,,,,IVLH19,#N/A
,,,,IVLM19,#N/A
,,,,JASH19,#N/A
,,,,KBANKH19,#N/A
,,,,KBANKM19,#N/A
,,,,KBANKU19,#N/A
,,,,KCEH19X,#N/A
,,,,KCEM19,#N/A
,,,,KKPH19,#N/A
,,,,KTBH19,#N/A
,,,,KTBM19,#N/A
,,,,KTBU19,#N/A
,,,,KTCH19X,#N/A
,,,,KTCM19X,#N/A
,,,,KTCU19,#N/A
,,,,LHH19,#N/A
,,,,LHM19,#N/A
,,,,LPNH19,#N/A
,,,,LPNM19,#N/A
,,,,MAJORH19,#N/A
,,,,MINTH19,#N/A
,,,,MINTM19,#N/A
,,,,MINTZ19,#N/A
,,,,MTCH19,#N/A
,,,,PLANBH19,#N/A
,,,,PSHH19,#N/A
,,,,PSHU19,#N/A
,,,,PTGH19,#N/A
,,,,PTGM19,#N/A
,,,,PTTEPH19,#N/A
,,,,PTTEPM19,#N/A
,,,,PTTEPU19,#N/A
,,,,PTTGCH19,#N/A
,,,,PTTGCM19,#N/A
,,,,PTTGCU19,#N/A
,,,,PTTH19X,#N/A
,,,,PTTM19,#N/A
,,,,PTTU19,#N/A
,,,,QHH19,#N/A
,,,,QHM19,#N/A
,,,,RATCHH19,#N/A
,,,,ROBINSH19,#N/A
,,,,S50F19,#N/A
,,,,S50G19,#N/A
,,,,S50H19,#N/A
,,,,S50M19,#N/A
,,,,S50U19,#N/A
,,,,S50Z19,#N/A
,,,,SAMARTH19,#N/A
,,,,SAWADH19X,#N/A
,,,,SAWADM19,#N/A
,,,,SCBH19,#N/A
,,,,SCBM19,#N/A
,,,,SCCH19,#N/A
,,,,SCCM19,#N/A
,,,,SCCU19,#N/A
,,,,SIRIH19,#N/A
,,,,SIRIM19,#N/A
,,,,SIRIU19,#N/A
,,,,SPALIH19,#N/A
,,,,SPCGM19,#N/A
,,,,SPCGU19,#N/A
,,,,STAH19,#N/A
,,,,STAM19,#N/A
,,,,STECH19,#N/A
,,,,STECM19,#N/A
,,,,STPIH19,#N/A
,,,,TASCOH19,#N/A
,,,,TCAPH19,#N/A
,,,,TCAPM19,#N/A
,,,,TCAPU19,#N/A
,,,,THAIH19,#N/A
,,,,THAIM19,#N/A
,,,,THAIU19,#N/A
,,,,THAIZ19,#N/A
,,,,THCOMH19,#N/A
,,,,THCOMM19,#N/A
,,,,TISCOH19,#N/A
,,,,TISCOM19,#N/A
,,,,TMBH19,#N/A
,,,,TMBM19,#N/A
,,,,TOPH19,#N/A
,,,,TOPM19,#N/A
,,,,TOPU19,#N/A
,,,,TPIPLH19,#N/A
,,,,TPIPLM19,#N/A
,,,,TRUEH19,#N/A
,,,,TRUEM19,#N/A
,,,,TRUEU19,#N/A
,,,,TTAH19,#N/A
,,,,TTCLH19,#N/A
,,,,TTWH19,#N/A
,,,,TUH19,#N/A
,,,,UNIQH19,#N/A
,,,,USDF19,#N/A
,,,,USDG19,#N/A
,,,,USDH19,#N/A
,,,,USDM19,#N/A
,,,,VGIH19,#N/A
,,,,VGIM19,#N/A
,,,,WHAH19,#N/A
,,,,WHAM19,#N/A
,,,,WHAU19,#N/A
